{
    "hidden_dim": 256,
    "n_layers": 3,
    "layer": "gat",
    "dropout": 0.5,
    "n_heads": 8,
    "lr": 0.012289465645736656,
    "w_balance": 42.0459253061842
}