{
    "hidden_dim": 256,
    "n_layers": 3,
    "layer": "sage",
    "dropout": 0.3,
    "n_heads": 8,
    "lr": 0.023952431717474708,
    "w_balance": 31.097169297938613
}