{
    "hidden_dim": 128,
    "n_layers": 2,
    "layer": "gcn",
    "dropout": 0.5,
    "n_heads": 4,
    "lr": 0.00901306900210048,
    "w_balance": 111.04716269644994
}