{
    "hidden_dim": 64,
    "n_layers": 2,
    "layer": "gcn",
    "dropout": 0.0,
    "n_heads": 16,
    "lr": 0.03014048129446376,
    "w_balance": 12.710657156701268
}