{
    "hidden_dim": 256,
    "n_layers": 2,
    "layer": "gcn",
    "dropout": 0.5,
    "n_heads": 16,
    "lr": 0.014633062338016645,
    "w_balance": 10.935443335987907
}