{
    "hidden_dim": 128,
    "n_layers": 2,
    "layer": "gcn",
    "dropout": 0.0,
    "n_heads": 8,
    "lr": 0.034237334031409966,
    "w_balance": 10.250375356388226
}