{
    "hidden_dim": 32,
    "n_layers": 2,
    "layer": "gcn",
    "dropout": 0.0,
    "n_heads": 4,
    "lr": 0.0701523779097503,
    "w_balance": 13.44453963104472
}