{
    "hidden_dim": 32,
    "n_layers": 2,
    "layer": "sage",
    "dropout": 0.0,
    "n_heads": 8,
    "lr": 0.034067078513411536,
    "w_balance": 10.016001510747056
}