{
    "hidden_dim": 256,
    "n_layers": 2,
    "layer": "sage",
    "dropout": 0.5,
    "n_heads": 4,
    "lr": 0.03539047614571366,
    "w_balance": 70.53647857980853
}