{
    "hidden_dim": 128,
    "n_layers": 2,
    "layer": "gcn",
    "dropout": 0.3,
    "n_heads": 8,
    "lr": 0.03894870197221789,
    "w_balance": 10.04916305153774
}