{
    "hidden_dim": 128,
    "n_layers": 2,
    "layer": "sage",
    "dropout": 0.1,
    "n_heads": 8,
    "lr": 0.0036934102168161027,
    "w_balance": 142.3577811901785
}