{
    "hidden_dim": 64,
    "n_layers": 2,
    "layer": "gat",
    "dropout": 0.3,
    "n_heads": 16,
    "lr": 0.09112293297053146,
    "w_balance": 11.03555315372016
}