{
    "hidden_dim": 256,
    "n_layers": 2,
    "layer": "gcn",
    "dropout": 0.5,
    "n_heads": 16,
    "lr": 0.024589311766532285,
    "w_balance": 10.02649171123765
}